Coin,SourceCodeLink
EXP,https://github.com/expanse-org/go-expanse
EXP,https://github.com/expanse-org/discord-tip-bot
EXP,https://github.com/expanse-org/luna-wallet
BRZC,https://github.com/BreezeDeMarUK/BreezeCoin
ZPR,https://github.com/zperteam/Docs
ZPR,https://github.com/zperteam/zperlight
ZPR,https://github.com/zperteam/TokennSalenTools
ZEUS,https://github.com/ZEUS-coin/Desktop-Wallet
ZEUS,https://github.com/ZEUS-coin/ethereum-lists
ZEUS,https://github.com/ZEUS-coin/docs
ZEST,https://github.com/zestfoundation/ZestCoin
TBX,https://github.com/zeriontech/Web3Swift
TBX,https://github.com/zeriontech/try-ethereum
TBX,https://github.com/zeriontech/ethhub
ZEN,https://github.com/ZencashOfficial/HorizenAcademy
ZEN,https://github.com/ZencashOfficial/arizen
ZEN,https://github.com/ZencashOfficial/zencash-mobile
ZPT,https://github.com/zeepin/CryptoGalaxy
ZPT,https://github.com/zeepin/Zeepin-Java-Sdk
ZPT,https://github.com/zeepin/Documentation
YEED,https://github.com/yggdrash/yggdrash
YEED,https://github.com/yggdrash/explorer-proxy
YEED,https://github.com/yggdrash/explorer
XYO,https://github.com/XYOracleNetwork/sdk-objectmodel-swift
XYO,https://github.com/XYOracleNetwork/sdk-core-swift
XYO,https://github.com/XYOracleNetwork/sdk-xyobleinterface-swift
XBY,https://github.com/XTRABYTES/XCITE
XBY,https://github.com/XTRABYTES/XTRABYTES
XBY,https://github.com/XTRABYTES/SSS
XMX,https://github.com/XMaxPlatform/support-chain
XMX,https://github.com/XMaxPlatform/Documents
XMX,https://github.com/XMaxPlatform/xmax-mainchain
XDCE,https://github.com/XinFinOrg/MyContract
XDCE,https://github.com/XinFinOrg/TradeFinexLive
XDCE,https://github.com/XinFinOrg/DemoTradeFinex
XEL,https://github.com/xel-software/xel-lite-wallet
XEL,https://github.com/xel-software/xel-computation-wallet
XEL,https://github.com/xel-software/xel-installer-docker
LIF,https://github.com/windingtree/wt-search-api
LIF,https://github.com/windingtree/wt-notification-api
LIF,https://github.com/windingtree/wt-pricing-algorithms
WIB,https://github.com/wibsonorg/wibson-core
WIB,https://github.com/wibsonorg/notary-sdk
WIB,https://github.com/wibsonorg/buyer-sdk
TRST,https://github.com/WeTrustPlatform/paramount
TRST,https://github.com/WeTrustPlatform/account-indexer
TRST,https://github.com/WeTrustPlatform/staking-dapp
WSX,https://github.com/WeAreSatoshi/WeAreSatoshi2
WSX,https://github.com/WeAreSatoshi/WeAreSatoshi-Archives
WSX,https://github.com/WeAreSatoshi/webpage_was
WAX,https://github.com/waxio/waxio.github.io
WAX,https://github.com/waxio/wax-erc20-delivery-contract
WAX,https://github.com/waxio/wax-api
WAND,https://github.com/WandXDapp/Smart-Contracts
WAND,https://github.com/WandXDapp/WandXOptionsDapp
WAND,https://github.com/WandXDapp/paymentchannel
VITE,https://github.com/vitelabs/go-vite
VITE,https://github.com/vitelabs/vite-wiki
VITE,https://github.com/vitelabs/vite-app-ios
VNX,https://github.com/VisionX-Team/DefectDetection
VIT,https://github.com/ViceIndustryToken/steem-js
VIT,https://github.com/ViceIndustryToken/faucet
VIT,https://github.com/ViceIndustryToken/steemdb
VEST,https://github.com/vestchain/vestchain
VEST,https://github.com/vestchain/vest-token
VERI,https://github.com/veritaseum/janitor-lambda
VERI,https://github.com/veritaseum/api-docs
VERI,https://github.com/veritaseum/truffle-contract
VSF,https://github.com/VeriSafe/Desktop-Wallet
VSF,https://github.com/VeriSafe/0x-launch-kit
VSF,https://github.com/VeriSafe/tokens
CRED,https://github.com/verifyas/docs
CRED,https://github.com/verifyas/integration-guide-demo
CRED,https://github.com/verifyas/android-sdk
XVG,https://github.com/vergecurrency/vergecurrency.com
XVG,https://github.com/vergecurrency/vDroid
XVG,https://github.com/vergecurrency/vDocker
VCT,https://github.com/valuecyber/Weekly
VCT,https://github.com/valuecyber/slips
VCT,https://github.com/valuecyber/WhitePaper
OOT,https://github.com/Utrum/python-OP_RETURN
OOT,https://github.com/Utrum/insight-ui-oot
OOT,https://github.com/Utrum/py-ipfs-api
UTNP,https://github.com/UniversaBlockchain/universa
UTNP,https://github.com/UniversaBlockchain/minicrypto-java
UTNP,https://github.com/UniversaBlockchain/JSUniversaToolkit
UBTC,https://github.com/UnitedBitcoin/UnitedBitcoin
UBTC,https://github.com/UnitedBitcoin/gsharpc
UBTC,https://github.com/UnitedBitcoin/gjavac
UKG,https://github.com/unikoingold/Plugin-WooCommerce-UKG
UKG,https://github.com/unikoingold/UnikoinGold-UKG-Contract
UKG,https://github.com/unikoingold/ethereum_contracts
ULT,https://github.com/ultiledger/hd-wallet
ULT,https://github.com/ultiledger/utoken
ULT,https://github.com/ultiledger/utoken.cash
UBEX,https://github.com/ubex-ai/ubex-mining-ui
UBEX,https://github.com/ubex-ai/slot-client
UBEX,https://github.com/ubex-ai/ubex-pixel
SMLY,https://github.com/tutor-web/twstats
SMLY,https://github.com/tutor-web/tutor-web
SMLY,https://github.com/tutor-web/Products.TutorWeb
TRUST,https://github.com/TrustPlus/TRUSTplusXTP
TRUST,https://github.com/TrustPlus/TrustPlus
TRUST,https://github.com/TrustPlus/crypto-supplies
TTT,https://github.com/trustnote/trustnote-pow-common
TTT,https://github.com/trustnote/trustnote-pow-supernode
TTT,https://github.com/trustnote/trustnote-pow-wallet
TFL,https://github.com/TrueFlip/prizecounter
TFL,https://github.com/TrueFlip/trueflip-contracts
TFL,https://github.com/TrueFlip/token-holder-lottery
TDP,https://github.com/TrueDeck/TrueDeckTokenBurn
TDP,https://github.com/TrueDeck/TrueDeckTokenLocking
TDP,https://github.com/TrueDeck/Airdrop
TRX,https://github.com/tronprotocol/java-tron
TRX,https://github.com/tronprotocol/sun-network
TRX,https://github.com/tronprotocol/chainbase
TNC,https://github.com/trinity-project/NeoNode
TNC,https://github.com/trinity-project/cs-trinity
TNC,https://github.com/trinity-project/trinity-gateway
TOSC,https://github.com/tos-project/toswallet-ios
TOSC,https://github.com/tos-project/TOSC
TOSC,https://github.com/tos-project/toswallet-android
TOMO,https://github.com/tomochain/trc721
TOMO,https://github.com/tomochain/dex-client
TOMO,https://github.com/tomochain/dex-server
TEN,https://github.com/tokenomy/tokenomy-assets
TEN,https://github.com/tokenomy/Tokenomy-Exchange-API-Documentation
TRIO,https://github.com/thetripio/roomnight
TRIO,https://github.com/thetripio/wallet-mobile-web
TRIO,https://github.com/thetripio/foundingteam
THETA,https://github.com/thetatoken/theta-infrastructure-ledger-explorer
THETA,https://github.com/thetatoken/theta-protocol-ledger
THETA,https://github.com/thetatoken/theta-mainnet-integration-guide
QRL,https://github.com/theQRL/theqrl.org
QRL,https://github.com/theQRL/qips
QRL,https://github.com/theQRL/block-explorer
MBRS,https://github.com/TheEmbermine/SlipstreamAlpha
MBRS,https://github.com/TheEmbermine/eos
MBRS,https://github.com/TheEmbermine/cli
BEE,https://github.com/thebeetoken/beenest-server
BEE,https://github.com/thebeetoken/beenest-web
BEE,https://github.com/thebeetoken/smartcontracts
ABYSS,https://github.com/theabyssportal/DAICO-Smart-Contract
ABYSS,https://github.com/theabyssportal/Old-Smart-Contract
TRC,https://github.com/terracoin/trcninja-dbdump
TRC,https://github.com/terracoin/website
TRC,https://github.com/terracoin/insight-api-terracoin
TEL,https://github.com/telcoin/token-profile
TEL,https://github.com/telcoin/cdr-parser
TEL,https://github.com/telcoin/ico
SYS,https://github.com/syscoin/syscoin
SYS,https://github.com/syscoin/safe-t-mcu
SYS,https://github.com/syscoin/sysethereum-dapp
AMP,https://github.com/synereo/logzio_aws_serverless
AMP,https://github.com/synereo/synereo
AMP,https://github.com/synereo/docs
SYNX,https://github.com/SyndicateLtd/SyndicateQt
SYNX,https://github.com/SyndicateLtd/SyndicateQT-old
SYNX,https://github.com/SyndicateLtd/SYNX-Android
MFG,https://github.com/syncfab/smartcontract
SET,https://github.com/swytch-io/ghidra
SET,https://github.com/swytch-io/swytch-anchors
SET,https://github.com/swytch-io/proof-of-production
CHSB,https://github.com/SwissBorg/prometheus-akka-http
CHSB,https://github.com/SwissBorg/voting-token
CHSB,https://github.com/SwissBorg/swissborg.github.io
SWM,https://github.com/swarmfund/MarketAccessProtocol-Swarm
SWM,https://github.com/swarmfund/swarm-go
SWM,https://github.com/swarmfund/barnswallow
SWT,https://github.com/swarmcity/SwarmCityContracts
SWT,https://github.com/swarmcity/SwarmCityAPI
SWT,https://github.com/swarmcity/SwarmCityDapp
SUQA,https://github.com/SUQAORG/SIN-core
SUQA,https://github.com/SUQAORG/SUQA-0.17.1-1
SUQA,https://github.com/SUQAORG/SUQA-CORE
UNITY,https://github.com/SuperNETorg/bitgo-utxo-lib
UNITY,https://github.com/SuperNETorg/komodoWallet
UNITY,https://github.com/SuperNETorg/insight-ui-komodo
DATA,https://github.com/streamr-dev/streamr-platform
DATA,https://github.com/streamr-dev/esports-dapp
DATA,https://github.com/streamr-dev/streamr-client-javascript
STRAT,https://github.com/stratisproject/StratisBitcoinFullNode
STRAT,https://github.com/stratisproject/StratisCore
STRAT,https://github.com/stratisproject/BlockExplorer
SJCX,https://github.com/storj/docs
SJCX,https://github.com/storj/storj
SJCX,https://github.com/storj/Tardigrade.io
XLM,https://github.com/stellar/go
XLM,https://github.com/stellar/stellar-core
XLM,https://github.com/stellar/js-stellar-wallets
SNT,https://github.com/status-im/status-react
SNT,https://github.com/status-im/discover-dapps
SNT,https://github.com/status-im/keycard-cli
STAR,https://github.com/StarbaseCo/starbase-platform-smart-contracts
STAR,https://github.com/StarbaseCo/eth-contract-metadata
STAR,https://github.com/StarbaseCo/StarbaseTools
SPND,https://github.com/Spend/Spend-Whitepaper
SPND,https://github.com/Spend/eth-contract-metadata
SPND,https://github.com/Spend/Spend-Business
SIG,https://github.com/SpectivOfficial/live-tour-lab
SIG,https://github.com/SpectivOfficial/eos-smart-contract-info
SIG,https://github.com/SpectivOfficial/spectiv-boilerplate
SPK,https://github.com/sparkspay/SparksMasternodeInstall
SPK,https://github.com/sparkspay/sparks-deb
SPK,https://github.com/sparkspay/sparks
SNM,https://github.com/sonm-io/linux
SNM,https://github.com/sonm-io/benchmarks-list
SNM,https://github.com/sonm-io/core
SOLVE,https://github.com/SolveCare/react-native-nested-scroll-view
SOLVE,https://github.com/SolveCare/schedule-a-doctor
SOLVE,https://github.com/SolveCare/care-protocol-api
SMOKE,https://github.com/smokenetwork/webapp
SMOKE,https://github.com/smokenetwork/smoked
SMOKE,https://github.com/smokenetwork/smoke-docs
SLM,https://github.com/slimcoin-project/Slimcoin
SLM,https://github.com/slimcoin-project/ansible-slimcoin-qt-win
SLM,https://github.com/slimcoin-project/slimcoin-project.github.io
SKY,https://github.com/skycoin/cx-games
SKY,https://github.com/skycoin/skycoin.net
SKY,https://github.com/skycoin/arena
SRN,https://github.com/sirin-labs/SirinOS-SDK
SRN,https://github.com/sirin-labs/SirinOS-SDK-DemoApp
SRN,https://github.com/sirin-labs/karma.js
AGI,https://github.com/singnet/snet-daemon
AGI,https://github.com/singnet/snet-cli
AGI,https://github.com/singnet/virtual-assistant
MER,https://github.com/SigwoTechnologies/explorer
MER,https://github.com/SigwoTechnologies/wagerr-explorer
MER,https://github.com/SigwoTechnologies/jupiter-gravity
DAR,https://github.com/SigwoTechnologies/explorer
DAR,https://github.com/SigwoTechnologies/wagerr-explorer
DAR,https://github.com/SigwoTechnologies/jupiter-gravity
SGN,https://github.com/signalsnetwork/token-sale-contract
SHIFT,https://github.com/ShiftNrg/shift-js
SHIFT,https://github.com/ShiftNrg/shift-wallet
SHIFT,https://github.com/ShiftNrg/shift
SHP,https://github.com/sharpe-capital/XChange
SHP,https://github.com/sharpe-capital/xchange-stream
SHP,https://github.com/sharpe-capital/react-native-snap-carousel
S,https://github.com/sharpay-io/cloudflare
S,https://github.com/sharpay-io/sharpay-landing
S,https://github.com/sharpay-io/frozen-tokens-check
SS,https://github.com/Sharders/sharder-chain
SS,https://github.com/Sharders/whitepaper
SS,https://github.com/Sharders/sharder-explorer
SDC,https://github.com/shadowproject/shadow
SDC,https://github.com/shadowproject/bitcoin
SDC,https://github.com/shadowproject/website
SENT,https://github.com/sentinel-official/sentinel
SENT,https://github.com/sentinel-official/cosmos-sdk
SENT,https://github.com/sentinel-official/tendermint
SSC,https://github.com/SelfSellTeam/SelfSell-linux
SSC,https://github.com/SelfSellTeam/fast-compile
SSC,https://github.com/SelfSellTeam/test
SEER,https://github.com/seer-project/bitshares-fc
SEER,https://github.com/seer-project/Seer-UI
SEER,https://github.com/seer-project/seerjs
SEELE,https://github.com/seeleteam/go-seele
SEELE,https://github.com/seeleteam/scan
SEELE,https://github.com/seeleteam/SeeleWallet
SPN,https://github.com/SapienNetwork/Sapien-White-Paper
SPN,https://github.com/SapienNetwork/medium-draft
SPN,https://github.com/SapienNetwork/Rocket.Chat
SAN,https://github.com/santiment/app
SAN,https://github.com/santiment/sanbase2
SAN,https://github.com/santiment/san-ui
SAFEX,https://github.com/safex/safexcore
SAFEX,https://github.com/safex/gosafex
SAFEX,https://github.com/safex/wiki
RBLX,https://github.com/rublixdev/hedgtokenmint
RBLX,https://github.com/rublixdev/HT-Dash-Provisional
RBLX,https://github.com/rublixdev/rblxtokenmint
RBTC,https://github.com/rsksmart/stats
RBTC,https://github.com/rsksmart/rskj
RBTC,https://github.com/rsksmart/RSKIPs
XRP,https://github.com/ripple/ripple-dev-portal
XRP,https://github.com/ripple/rippled
XRP,https://github.com/ripple/vl
RMESH,https://github.com/RightMesh/payment-channel-performance
RMESH,https://github.com/RightMesh/docker-ubuntu-openjdk-ansible
RMESH,https://github.com/RightMesh/docker-ubuntu-openjdk
RIF,https://github.com/riflabs/RIF-Token
R,https://github.com/Revain/design
R,https://github.com/Revain/Token
REQ,https://github.com/RequestNetwork/requestNetwork
REQ,https://github.com/RequestNetwork/requestNetwork-v1-archive
REQ,https://github.com/RequestNetwork/documentation
BERRY,https://github.com/Rentberry/lambda-images-resizer
BERRY,https://github.com/Rentberry/MapsUtils
BERRY,https://github.com/Rentberry/coinmarketcap-api-php
REM,https://github.com/Remmeauth/remme-protobuf
REM,https://github.com/Remmeauth/remme-core
REM,https://github.com/Remmeauth/remme-core-activity-simulation
RHOC,https://github.com/rchain/rchain
RHOC,https://github.com/rchain/rchain-logstash
RHOC,https://github.com/rchain/whiteblock
RTE,https://github.com/rate-engineering/rate3-monorepo
RTE,https://github.com/rate-engineering/ratex-webflow-snippets
RTE,https://github.com/rate-engineering/dai-ly
QLC,https://github.com/qlcchain/go-qlc
QLC,https://github.com/qlcchain/WinQ-iOS
QLC,https://github.com/qlcchain/sms-billing
PURA,https://github.com/puracore/pura
PBL,https://github.com/PublicaIO/mvp
PBL,https://github.com/PublicaIO/testing-environment
PBL,https://github.com/PublicaIO/publica-contracts
XPX,https://github.com/proximax-storage-foundry/xpx-dirloader
XPX,https://github.com/proximax-storage-foundry/xpx-java-sdk-cli
XPX,https://github.com/proximax-storage-foundry/proximax-simple-upload-site
VOCO,https://github.com/provocome/special
VOCO,https://github.com/provocome/fooling_around_one_contract
VOCO,https://github.com/provocome/fooling_around_one_dapp
PTT,https://github.com/ProtonNetwork/proton_site
PTT,https://github.com/ProtonNetwork/Proton-Wiki
PTT,https://github.com/ProtonNetwork/Proton
BTM,https://github.com/project-bitmark/BIP
BTM,https://github.com/project-bitmark/solid-brain
BTM,https://github.com/project-bitmark/brain
PRA,https://github.com/ProChain/pra_scatter_middleware
PRA,https://github.com/ProChain/ProRatingEOS
PRA,https://github.com/ProChain/LndHub
PRIX,https://github.com/Privatix/dapp-proxy
PRIX,https://github.com/Privatix/dappctrl
PRIX,https://github.com/Privatix/privatix
PSC,https://github.com/Primestonecoin/MN-Script-IPv4
PSC,https://github.com/Primestonecoin/manuals
PSC,https://github.com/Primestonecoin/PrimeStone
PRE,https://github.com/PresearchOfficial/presearch-packages
PRE,https://github.com/PresearchOfficial/presearch-provider-icons
PRE,https://github.com/PresearchOfficial/Start-Extension-Firefox
POT,https://github.com/potcoin/Potcoin
POT,https://github.com/potcoin/potcore
POT,https://github.com/potcoin/PotcoinJS
PCH,https://github.com/PopchainOrg/PopChain-gho
PCH,https://github.com/PopchainOrg/poprig-deps
PCH,https://github.com/PopchainOrg/poprig
NCT,https://github.com/polyswarm/polyswarm-client
NCT,https://github.com/polyswarm/polyswarmd
NCT,https://github.com/polyswarm/orchestration
POE,https://github.com/poetapp/explorer-web
POE,https://github.com/poetapp/frost-api
POE,https://github.com/poetapp/documentation
BURST,https://github.com/PoC-Consortium/Nogrod
BURST,https://github.com/PoC-Consortium/engraver
BURST,https://github.com/PoC-Consortium/aggregator
PXG,https://github.com/playgame-global/acta
PXG,https://github.com/playgame-global/indodax-rx
PLTC,https://github.com/platonfinance/club
PLTC,https://github.com/platonfinance/SmartContracts
PLTC,https://github.com/platonfinance/Documents
PINK,https://github.com/Pink2Dev/Pink2
PINK,https://github.com/Pink2Dev/PinkPiUi
PINK,https://github.com/Pink2Dev/PinkPi
PLR,https://github.com/pillarwallet/pillarwallet
PLR,https://github.com/pillarwallet/pillarwallet-nodejs-sdk
PLR,https://github.com/pillarwallet/rn-signal-protocol-messaging
PPC,https://github.com/peercoin/peercoin
PPC,https://github.com/peercoin/peercoin.net
PPC,https://github.com/peercoin/rfcs
PEDI,https://github.com/PedityOfficial/pedityofficial.github.io
PEDI,https://github.com/PedityOfficial/Pedity-Platform
PEDI,https://github.com/PedityOfficial/js-stellar-sdk
PMNT,https://github.com/PaymonTeam/paymon-wallet
PMNT,https://github.com/PaymonTeam/paymoncoin
PMNT,https://github.com/PaymonTeam/paymon-ios-new
PDX,https://github.com/PayDayCoinIo/PayDayCoin
PDX,https://github.com/PayDayCoinIo/Binaries
PDX,https://github.com/PayDayCoinIo/docs
PYN,https://github.com/PaycentGlobal/crowdsale
PASL,https://github.com/PascalLite/wallet
PASL,https://github.com/PascalLite/pascallite.com
PART,https://github.com/particl/particl-desktop
PART,https://github.com/particl/omp-lib
PART,https://github.com/particl/particl.io
PARETO,https://github.com/ParetoNetwork/ParetoDevelopmentActivityRelay
PARETO,https://github.com/ParetoNetwork/ParetoMVP
PARETO,https://github.com/ParetoNetwork/eth-contract-metadata
$PAC,https://github.com/PACCommunity/PAC
$PAC,https://github.com/PACCommunity/pacj
$PAC,https://github.com/PACCommunity/pac-android
SHL,https://github.com/oysterprotocol/brokernode
SHL,https://github.com/oysterprotocol/webnode
SHL,https://github.com/oysterprotocol/webinterface
PRL,https://github.com/oysterprotocol/brokernode
PRL,https://github.com/oysterprotocol/webnode
PRL,https://github.com/oysterprotocol/webinterface
OX,https://github.com/oxfina/Token
OX,https://github.com/oxfina/OX-Fina
OX,https://github.com/oxfina/OX-Whitepaper
CHX,https://github.com/OwnMarket/OwnBlockchain
CHX,https://github.com/OwnMarket/OwnWallet
CHX,https://github.com/OwnMarket/OwnBlockchainSdkJS
OSA,https://github.com/osa-decentralized/data_busters
OSA,https://github.com/osa-decentralized/pyspark_db_utils
OSA,https://github.com/osa-decentralized/forecastonishing
ORS,https://github.com/OriginSport/betcenter_backend_helper
ORS,https://github.com/OriginSport/casino-ethereum
ORS,https://github.com/OriginSport/casino-service
OST,https://github.com/OpenST/JLP
OST,https://github.com/OpenST/mosaic.js
OST,https://github.com/OpenST/brandedtoken-contracts
ONT,https://github.com/ontio/ontology
ONT,https://github.com/ontio/ontology-explorer
ONT,https://github.com/ontio/documentation
ONOT,https://github.com/onochat/ONOchain.contracts
ONOT,https://github.com/onochat/Design-Docs
ONOT,https://github.com/onochat/ONOchain
OIO,https://github.com/Online-io/db-migrate-cassandra
OIO,https://github.com/Online-io/onfido-sdk-ui
OMNI,https://github.com/OmniLayer/omnicore
OMNI,https://github.com/OmniLayer/omniapi
OMNI,https://github.com/OmniLayer/omniexplorer
OMG,https://github.com/omisego/elixir-omg
OMG,https://github.com/omisego/ewallet
OMG,https://github.com/omisego/plasma-contracts
ODN,https://github.com/obsidianproject/Blockexplorer
ODN,https://github.com/obsidianproject/Obsidian-StratisNode
ODN,https://github.com/obsidianproject/Obsidian-StratisWallet
NYAN,https://github.com/Nyancoins/nyancoin-client
NYAN,https://github.com/Nyancoins/litecoin-nyan-fork
NYAN,https://github.com/Nyancoins/NyanPaw
NCASH,https://github.com/NucleusVision/nv-reports
NCASH,https://github.com/NucleusVision/Machine-Learning
NCASH,https://github.com/NucleusVision/smartcontracts
NPER,https://github.com/NperProject/Android_Wallet
NPER,https://github.com/NperProject/SmartContract
NPER,https://github.com/NperProject/Marketing
NXS,https://github.com/Nexusoft/NexusInterface
NXS,https://github.com/Nexusoft/LLL-TAO
NXS,https://github.com/Nexusoft/PrimePool
NTY,https://github.com/nextyio/nytex
NTY,https://github.com/nextyio/nexty-mobile-RN
NTY,https://github.com/nextyio/nexty-governance
NEXT,https://github.com/NextExchange/HODLER-Open-Source-Multi-Asset-Wallet
NEXT,https://github.com/NextExchange/sentinel
NEXT,https://github.com/NextExchange/freewallet-mobile
NYC,https://github.com/NewYorkCoin-NYC/NYC-site
NYC,https://github.com/NewYorkCoin-NYC/prohashing-graviex
NYC,https://github.com/NewYorkCoin-NYC/nycoin
NETKO,https://github.com/NetkoCoin/netko
NETKO,https://github.com/NetkoCoin/electrum-netko-server
NEO,https://github.com/neo-project/neo-plugins
NEO,https://github.com/neo-project/neo-cli
NEO,https://github.com/neo-project/neo.org
NDX,https://github.com/ndexnetwork/Qexpeatio
NDX,https://github.com/ndexnetwork/eth-contract-metadata
NDX,https://github.com/ndexnetwork/ndexmarketapi
NAV,https://github.com/NAVCoin/NavHub
NAV,https://github.com/NAVCoin/navcoin-core
NAV,https://github.com/NAVCoin/KnowledgeBase
NANJ,https://github.com/NANJ-COIN/ios-sdk
NANJ,https://github.com/NANJ-COIN/android-sdk
NANJ,https://github.com/NANJ-COIN/nanjs
NMC,https://github.com/namecoin/namecoin-core
NMC,https://github.com/namecoin/electrum-nmc
NMC,https://github.com/namecoin/ncdns
WISH,https://github.com/MyWishPlatform/mywill_frontend
WISH,https://github.com/MyWishPlatform/mywill_backend
WISH,https://github.com/MyWishPlatform/swap-site
HUSH,https://github.com/MyHush/hush3
HUSH,https://github.com/MyHush/hush
HUSH,https://github.com/MyHush/myhush.github.io
SETH,https://github.com/mware-solutions/bigconnect-web
SETH,https://github.com/mware-solutions/bigconnect
SETH,https://github.com/mware-solutions/cypher-lab
MVC,https://github.com/mvchain/cryptovault-android
MVC,https://github.com/mvchain/dyvault-surface-android
MVC,https://github.com/mvchain/cryptovault-interior-browser
MCI,https://github.com/Musiconomi/etherwallet
MCI,https://github.com/Musiconomi/EIPs
MCI,https://github.com/Musiconomi/ethereumj
MUE,https://github.com/muecoin/mue-mnemonic
MUE,https://github.com/muecoin/Raspberry-Pi-Images
MUE,https://github.com/muecoin/mueberry-pi
MTH,https://github.com/monetha/reputation-go-sdk
MTH,https://github.com/monetha/payment-layer
MTH,https://github.com/monetha/decentralized-reputation-framework
MTRC,https://github.com/ModulTrade/misc
MTRC,https://github.com/ModulTrade/documents
MTRC,https://github.com/ModulTrade/media-kit
MOBI,https://github.com/mobius-network/mobius-client-js
MOBI,https://github.com/mobius-network/wallet
MOBI,https://github.com/mobius-network/dapp-store
MBC,https://github.com/MicroBitcoinOrg/MicroBitcoin
MBC,https://github.com/MicroBitcoinOrg/CudaMiner
MBC,https://github.com/MicroBitcoinOrg/microbitcoinorg.github.io
MVP,https://github.com/Merculet/MerculetWalletBase
MVP,https://github.com/Merculet/tx-monitor
MVP,https://github.com/Merculet/UAViOSSDK
MLN,https://github.com/melonproject/exchange-aggregator
MLN,https://github.com/melonproject/monitoring
MLN,https://github.com/melonproject/melon-lab
MAZA,https://github.com/MazaCoin/MazaCoin
MAZA,https://github.com/MazaCoin/maza
MAZA,https://github.com/MazaCoin/mazacoin.org
MAN,https://github.com/MatrixAINetwork/TxSend-Sign-Demos
MAN,https://github.com/MatrixAINetwork/crosschain_contracts
MAN,https://github.com/MatrixAINetwork/MATRIX_docs
GUP,https://github.com/Matchpool/voting-system
GUP,https://github.com/Matchpool/xgup-faucet
GUP,https://github.com/Matchpool/contracts
DAI,https://github.com/makerdao/mcd-cdp-portal
DAI,https://github.com/makerdao/dai.js
DAI,https://github.com/makerdao/testchain-dss-deployment-scripts
XMG,https://github.com/magi-project/m-Noblecoin
XMG,https://github.com/magi-project/wolf-m7m-cpuminer-V2
XMG,https://github.com/magi-project/obsolete-m-cpuminer-legacy
LUN,https://github.com/Lunyr/Orbiter
LUN,https://github.com/Lunyr/Lunyr
LUN,https://github.com/Lunyr/ansible-geth
LUNES,https://github.com/Lunes-platform/Lunes_Wallet
LUNES,https://github.com/Lunes-platform/LunesPy
LUNES,https://github.com/Lunes-platform/Crypto-Liquidity-Making-Bot
LRC,https://github.com/Loopring/documentation
LRC,https://github.com/Loopring/protocol
LRC,https://github.com/Loopring/protocol2
LRN,https://github.com/Loopring/documentation
LRN,https://github.com/Loopring/protocol
LRN,https://github.com/Loopring/protocol2
LMC,https://github.com/lomocoin/react-native-geetest-sensebot
LMC,https://github.com/lomocoin/NExTouch-sdk-java
LMC,https://github.com/lomocoin/android-u2f-demo
LOC,https://github.com/LockTrip/Mobile-App
LOC,https://github.com/LockTrip/Centralized-App
LOC,https://github.com/LockTrip/Blockchain
LPT,https://github.com/livepeer/verification-classifier
LPT,https://github.com/livepeer/livepeerjs
LPT,https://github.com/livepeer/go-livepeer
LSK,https://github.com/LiskHQ/lisk
LSK,https://github.com/LiskHQ/lisk-mobile
LSK,https://github.com/LiskHQ/lisk-hub
LIKE,https://github.com/likecoin/liker-land
LIKE,https://github.com/likecoin/likecoin-wordpress
LIKE,https://github.com/likecoin/puttyimages-web
LEV,https://github.com/leverj/api
LEV,https://github.com/leverj/tradehelper
LEV,https://github.com/leverj/nginx-alpine
LEMO,https://github.com/LemoFoundationLtd/lemochain-core
LEMO,https://github.com/LemoFoundationLtd/lemochain-distribution
LEMO,https://github.com/LemoFoundationLtd/lemo-client
LTO,https://github.com/legalthings/lto-crypto
LTO,https://github.com/legalthings/lto-ui
LTO,https://github.com/legalthings/event-chain
LBC,https://github.com/lbryio/lbry
LBC,https://github.com/lbryio/lbry-desktop
LBC,https://github.com/lbryio/lbry-android
LAMB,https://github.com/LambdaIM/tendermint
LAMB,https://github.com/LambdaIM/TestNet
LAMB,https://github.com/LambdaIM/marketplace
KMD,https://github.com/KomodoPlatform/komodo
KMD,https://github.com/KomodoPlatform/agama-mobile
KMD,https://github.com/KomodoPlatform/developer-docs
PNK,https://github.com/kleros/escrow
PNK,https://github.com/kleros/uniswap-frontend
PNK,https://github.com/kleros/tokens-on-trial
KEK,https://github.com/Kekcoin-Core/memechain-api
KEK,https://github.com/Kekcoin-Core/memechain-gui
KEK,https://github.com/Kekcoin-Core/kekcoin-segwit
KRM,https://github.com/Karma-blockchain/karmachain
KRM,https://github.com/Karma-blockchain/kafka-transport
KRM,https://github.com/Karma-blockchain/kafka-listener
JSE,https://github.com/JSEcoin/server
JSE,https://github.com/JSEcoin/website
JSE,https://github.com/JSEcoin/platform
WELL,https://github.com/joinwell/factom
WELL,https://github.com/joinwell/contracts
JNT,https://github.com/jibrelnetwork/jwallet-web
JNT,https://github.com/jibrelnetwork/jibrel-contracts-jsapi
JNT,https://github.com/jibrelnetwork/jibrel-contracts
J8T,https://github.com/jet8/reward-contracts
J8T,https://github.com/jet8/wallet-contracts
J8T,https://github.com/jet8/bounty-airdrop
IVY,https://github.com/ivy-project/press
IVY,https://github.com/ivy-project/quorum
IVY,https://github.com/ivy-project/website-marketing
IOTX,https://github.com/iotexproject/iotex-explorer
IOTX,https://github.com/iotexproject/iotex-core
IOTX,https://github.com/iotexproject/iotex-client-js
IONC,https://github.com/ionchain/ionchain-wallet-android
IONC,https://github.com/ionchain/ionchain-em-frontend
IONC,https://github.com/ionchain/ionchain.org
IDT,https://github.com/investdigital/investdigital-backend
IDT,https://github.com/investdigital/explorer
IDT,https://github.com/investdigital/investdigital-www
INVE,https://github.com/intervalue/intervalue-lightnode-3.0-testnet
INVE,https://github.com/intervalue/intervalue-lightnodecore-3.0-testnet
INVE,https://github.com/intervalue/intervalue-2.0.0-testnet
INSUR,https://github.com/InsurChain/insur-core
INSUR,https://github.com/InsurChain/whitepaper
INSUR,https://github.com/InsurChain/insur-fc
INK,https://github.com/inklabsfoundation/inkchain
INK,https://github.com/inklabsfoundation/inkchain-sdk
INK,https://github.com/inklabsfoundation/inkerface-client-ios-demo
IDH,https://github.com/indahash/indaHashToken
IDH,https://github.com/indahash/php-resque
IDH,https://github.com/indahash/livespace
IFOOD,https://github.com/IFoodsChainProject/suprobe-homesite-new
IFOOD,https://github.com/IFoodsChainProject/ifood-erc20-tool
IFOOD,https://github.com/IFoodsChainProject/home-site-new
RLC,https://github.com/iExecBlockchainComputing/iexec-worker
RLC,https://github.com/iExecBlockchainComputing/iexec-common
RLC,https://github.com/iExecBlockchainComputing/iexec-core
ICX,https://github.com/icon-project/loopchain
ICX,https://github.com/icon-project/icon-service
ICX,https://github.com/icon-project/icon-sdk-js
HQT,https://github.com/hyperquant-platform/merkle_tree
HQT,https://github.com/hyperquant-platform/token-distribution-contract
HQT,https://github.com/hyperquant-platform/hyperquant-contracts
HYDRO,https://github.com/HydroBlockchain/oc-hydroraindrop-plugin
HYDRO,https://github.com/HydroBlockchain/snowflake-dashboard
HYDRO,https://github.com/HydroBlockchain/SmartContractReview
HUM,https://github.com/humanscape/blog
HUM,https://github.com/humanscape/token-profile
HUM,https://github.com/humanscape/token
HTML,https://github.com/HTMLCOIN/althash-web-platform
HTML,https://github.com/HTMLCOIN/htmlcoinjs-lib
HTML,https://github.com/HTMLCOIN/htmlcoin-explorer
HQX,https://github.com/hoqu-io/hoquplatform-eos
HQX,https://github.com/hoqu-io/hoqu-geth-api
HQX,https://github.com/hoqu-io/platform
HERC,https://github.com/HERCone/herc-in-blazorstate
HERC,https://github.com/HERCone/HercWebsite
HERC,https://github.com/HERCone/multichain-explorer
HEAT,https://github.com/Heat-Ledger-Ltd/heat-ui
HEAT,https://github.com/Heat-Ledger-Ltd/heatwallet
HEAT,https://github.com/Heat-Ledger-Ltd/heatledger
HALO,https://github.com/haloplatform/sdk
HALO,https://github.com/haloplatform/airdrop
HALO,https://github.com/haloplatform/go-haloplatform
GXC,https://github.com/gxchain/gxb-core
GXC,https://github.com/gxchain/gxchain.org
GXC,https://github.com/gxchain/gxclient-java
GXX,https://github.com/GravityCoinOfficial/GravityCoin
GXX,https://github.com/GravityCoinOfficial/yiimp
GRFT,https://github.com/graft-project/DesignDocuments
GRFT,https://github.com/graft-project/GraftTools
GRFT,https://github.com/graft-project/GraftNetwork
GOLOS,https://github.com/GolosChain/core-service
GOLOS,https://github.com/GolosChain/facade-service
GOLOS,https://github.com/GolosChain/notify-service
MNTP,https://github.com/Goldmint/gm-web-cab
MNTP,https://github.com/Goldmint/gm-dapp
MNTP,https://github.com/Goldmint/SumusMetamask
GLC,https://github.com/goldcoin/goldcoin
GLC,https://github.com/goldcoin/goldcoin-0.7.5
GLC,https://github.com/goldcoin/wiki
HELP,https://github.com/GoHelpFund/aden
HELP,https://github.com/GoHelpFund/insight-ui
HELP,https://github.com/GoHelpFund/insight-api
LML,https://github.com/GNYIO/gny-dist
LML,https://github.com/GNYIO/GNYPLUGIN
LML,https://github.com/GNYIO/gny-token
GLA,https://github.com/gladiusio/legion
GLA,https://github.com/gladiusio/gladius-masternode
GLA,https://github.com/gladiusio/gladius-service-worker
DOCK,https://github.com/getdock/plasma-cash-contracts
DOCK,https://github.com/getdock/dev-configs
DOCK,https://github.com/getdock/pptr-mock-server
GNX,https://github.com/GenaroNetwork/GenaroCore
GNX,https://github.com/GenaroNetwork/genaro-wallet
GNX,https://github.com/GenaroNetwork/RandomFaas
GAP,https://github.com/gapcoin/gapcoin
GAP,https://github.com/gapcoin/GapMiner
GAP,https://github.com/gapcoin/Gapcoin-PoWCore
FLP,https://github.com/gameflip/gfapi
FLP,https://github.com/gameflip/tokensale
GAME,https://github.com/gamecredits-project/GameCredits
GAME,https://github.com/gamecredits-project/block-exploder-ui
GAME,https://github.com/gamecredits-project/gamejs-lib
FTXT,https://github.com/futuraxproject/tokenbase
FTXT,https://github.com/futuraxproject/eth-contract-metadata
FTXT,https://github.com/futuraxproject/token-profile
FSN,https://github.com/FUSIONFoundation/efsn
FSN,https://github.com/FUSIONFoundation/PurchaseTicket
FSN,https://github.com/FUSIONFoundation/PSNBlockExplorer
FND,https://github.com/FundRequest/vesting-wallets
FND,https://github.com/FundRequest/platform
FND,https://github.com/FundRequest/keycloak-build
FTN,https://github.com/FountainHub/Fountain-Whitepaper
FTN,https://github.com/FountainHub/FTN-Token-ERC20
FMF,https://github.com/FormosaFinancial/BitGoJS
FMF,https://github.com/FormosaFinancial/cors-anywhere
FMF,https://github.com/FormosaFinancial/ccxt
FLDC,https://github.com/FoldingCoin/StatsDownloadDotNet
FLDC,https://github.com/FoldingCoin/FLDCBot
FLDC,https://github.com/FoldingCoin/FindFAHUsernameMaxLength
FOAM,https://github.com/f-o-a-m/hs-web3
FOAM,https://github.com/f-o-a-m/chanterelle
FOAM,https://github.com/f-o-a-m/purescript-web3-tests
FYP,https://github.com/flypme/flypme-instructions
FYP,https://github.com/flypme/flypme-contracts
FLC,https://github.com/flowchain/flowchain-hybrid
FLC,https://github.com/flowchain/blockchain-starter-kit
FLC,https://github.com/flowchain/crypto-night
FLASH,https://github.com/flash-coin/official-website
FLASH,https://github.com/flash-coin/paperwallet
FLASH,https://github.com/flash-coin/flash-fullnode
FTX,https://github.com/FintruX/contracts
FTX,https://github.com/FintruX/prototype
FTX,https://github.com/FintruX/etherwallet
FET,https://github.com/fetchai/tutorial-aea-weatherstation
FET,https://github.com/fetchai/ledger-api-py
FET,https://github.com/fetchai/ledger
FTM,https://github.com/Fantom-foundation/go-lachesis
FTM,https://github.com/Fantom-foundation/lachesis-rs
FTM,https://github.com/Fantom-foundation/FIPs
FCT,https://github.com/FactomProject/universal-resolver
FCT,https://github.com/FactomProject/factomd
FCT,https://github.com/FactomProject/factom
EZT,https://github.com/ezpos/eztoken-contract
EXY,https://github.com/Experty/react-native-push-notification
EXY,https://github.com/Experty/react-native-volume-slider
EXY,https://github.com/Experty/react-native-callkit
XUC,https://github.com/ExchangeUnion/xud
XUC,https://github.com/ExchangeUnion/xud-simulation
XUC,https://github.com/ExchangeUnion/xud-box
IQ,https://github.com/EveripediaNetwork/backend-api
IQ,https://github.com/EveripediaNetwork/Everipedia
IQ,https://github.com/EveripediaNetwork/wtf_wikipedia
ETZ,https://github.com/etherzero-org/go-etherzero
ETZ,https://github.com/etherzero-org/explorer
ETZ,https://github.com/etherzero-org/EasyETZ-ios
ESZ,https://github.com/EtherSportz/ESZCoin
ESZ,https://github.com/EtherSportz/Contracts
FUEL,https://github.com/etherparty/docusign
FUEL,https://github.com/etherparty/digitalocean-cloud-controller-manager
FUEL,https://github.com/etherparty/eth-smart-contracts
CLO,https://github.com/EthereumCommonwealth/Auditing
CLO,https://github.com/EthereumCommonwealth/Callisto-Website
CLO,https://github.com/EthereumCommonwealth/go-callisto
ETH,https://github.com/ethereum/solidity-test-bytecode
ETH,https://github.com/ethereum/evmc
ETH,https://github.com/ethereum/remix-ide
ETHO,https://github.com/Ether1Project/governance-dashboard
ETHO,https://github.com/Ether1Project/explorer
ETHO,https://github.com/Ether1Project/Ether1
ESS,https://github.com/essentiaone/essx-node
ESS,https://github.com/essentiaone/Essentia-iOS
ESS,https://github.com/essentiaone/crypto-django
ERY,https://github.com/Eryllium/wallet
ERY,https://github.com/Eryllium/project
ERO,https://github.com/eroscoin/eroscoin-token
ERO,https://github.com/eroscoin/ero-mighty-wallet
ERO,https://github.com/eroscoin/block-explorer
EOS,https://github.com/EOSIO/slips
EOS,https://github.com/EOSIO/eos
EOS,https://github.com/EOSIO/eosio.forum
EOSDAC,https://github.com/eosdac/eosdacio-website
EOSDAC,https://github.com/eosdac/memberclient
EOSDAC,https://github.com/eosdac/memberclient_extension
ENG,https://github.com/enigmampc/enigma-p2p
ENG,https://github.com/enigmampc/enigma-core
ENG,https://github.com/enigmampc/enigma-contract
NRG,https://github.com/energicryptocurrency/energi
NRG,https://github.com/energicryptocurrency/explorer
NRG,https://github.com/energicryptocurrency/node-merged-pool
EMC,https://github.com/emercoin/emercoin
EMC,https://github.com/emercoin/docs
EMC,https://github.com/emercoin/EmerCert
ELTCOIN,https://github.com/eltcoin/eltwallet
ELTCOIN,https://github.com/eltcoin/website
ELTCOIN,https://github.com/eltcoin/ELTBOT
ELLA,https://github.com/ellaism/ellaism.org
ELLA,https://github.com/ellaism/wiki
ELLA,https://github.com/ellaism/meta
EFL,https://github.com/Electronic-Gulden-Foundation/website-2017-
EFL,https://github.com/Electronic-Gulden-Foundation/announcement
EFL,https://github.com/Electronic-Gulden-Foundation/ROT
ECA,https://github.com/Electra-project/electra-core
ECA,https://github.com/Electra-project/Electra-Media-Kit
ECA,https://github.com/Electra-project/Electra-Whitepaper
ELA,https://github.com/elastos/Elastos.ELA.SPV.Cpp
ELA,https://github.com/elastos/Elastos.ELA
ELA,https://github.com/elastos/Elastos.NET.Hive.Native.SDK
EDG,https://github.com/edgeless-casino/smart-contracts
EDG,https://github.com/edgeless-casino/art
EDG,https://github.com/edgeless-casino/2018-ny-jackpot
EKO,https://github.com/EchoLinkTech/EchoLinkCoreService-Business
EKO,https://github.com/EchoLinkTech/EchoLinkPlatform
EKO,https://github.com/EchoLinkTech/EchoLinkCoreService-SingleUser
DYN,https://github.com/duality-solutions/p-share-ui
DYN,https://github.com/duality-solutions/Dynamic
DYN,https://github.com/duality-solutions/libbdaptorrent
SEQ,https://github.com/duality-solutions/p-share-ui
SEQ,https://github.com/duality-solutions/Dynamic
SEQ,https://github.com/duality-solutions/libbdaptorrent
DOGEC,https://github.com/dogecash/dogecash
DOGEC,https://github.com/dogecash/dogecash-explorer
DOGEC,https://github.com/dogecash/dogecash-desktop
DP,https://github.com/DigitalPrice/DigitalPrice
DP,https://github.com/DigitalPrice/masternode-script
DP,https://github.com/DigitalPrice/digitalprice.org
XDN,https://github.com/DigitalNoteXDN/digitalnote
XDN,https://github.com/DigitalNoteXDN/DigitalNote-1
XDN,https://github.com/DigitalNoteXDN/digitalnotewallet
DGB,https://github.com/digibyte/digibyte
EVE,https://github.com/devery/deveryjs
EVE,https://github.com/devery/deveryExplorer
EVE,https://github.com/devery/devery_contracts
DPY,https://github.com/DelphyProject/delphy_h5
DPY,https://github.com/DelphyProject/DelphyTutorial
DPY,https://github.com/DelphyProject/delphy-contracts
DCR,https://github.com/decred/politeiagui
DCR,https://github.com/decred/dcrd
DCR,https://github.com/decred/dcrdata
DCT,https://github.com/DECENTfoundation/DECENT-Network
DCT,https://github.com/DECENTfoundation/DCorePHP-SDK
DCT,https://github.com/DECENTfoundation/DCoreSwift-SDK
DEB,https://github.com/debitum/ico-contracts
DEB,https://github.com/debitum/UltimateICOCalendar
DEB,https://github.com/debitum/contracts
DTX,https://github.com/DataBrokerDAO/databrokerdao-data-gateway
DTX,https://github.com/DataBrokerDAO/databrokerdao-custom-dapi
DTX,https://github.com/DataBrokerDAO/databrokerdao-dapp
GEN,https://github.com/daostack/client
GEN,https://github.com/daostack/alchemy
GEN,https://github.com/daostack/migration
CTRT,https://github.com/cryptrusten/token-profile
C20,https://github.com/cryptotwenty/c20-withdraw-dapp
C20,https://github.com/cryptotwenty/smartcontracts
CPT,https://github.com/Cryptaur/DepositoryTransparentEconomy
CPT,https://github.com/Cryptaur/cryptaur-eth-queue
CPT,https://github.com/Cryptaur/cryptaur-minecraft
WIZ,https://github.com/CrowdWiz-io/WIZ
COVA,https://github.com/covalent-hq/cova-core
COVA,https://github.com/covalent-hq/bigchaindb-setup
COVA,https://github.com/covalent-hq/secret-sharing-ng
XCP,https://github.com/CounterpartyXCP/gosqliteproxy
XCP,https://github.com/CounterpartyXCP/indexd-server
XCP,https://github.com/CounterpartyXCP/counterparty-lib
COT,https://github.com/CoTraderCore/COT-Fund-Bank
COT,https://github.com/CoTraderCore/Finish-SmartBank-Rebalance-UnitTests
COT,https://github.com/CoTraderCore/SmartEscrow
XTL,https://github.com/contribute-torque/Torque
XTL,https://github.com/contribute-torque/xtc-nodejs-pool
XTL,https://github.com/contribute-torque/TorqueGUI
CBT,https://github.com/commerceblock/ocean
CBT,https://github.com/commerceblock/mainstay
CBT,https://github.com/commerceblock/cb-client-wallet
CNN,https://github.com/cnntoken/CoinMoon
CNN,https://github.com/cnntoken/NewsDog-CNN
CNN,https://github.com/cnntoken/CNNApplication
CLB,https://github.com/Cloudbric-Project/Cloudbric-Contracts
CLB,https://github.com/Cloudbric-Project/ethereum-lists
XCLR,https://github.com/clearcoin/extension
XCLR,https://github.com/clearcoin/tx-monitor
XCLR,https://github.com/clearcoin/reagent
DAY,https://github.com/chronologic/automate-ui
DAY,https://github.com/chronologic/automate-api
DAY,https://github.com/chronologic/suitcase
CHEESE,https://github.com/CheeseCoin/CheeseMasternode
TNT,https://github.com/chainpoint/chainpoint-node-src
TNT,https://github.com/chainpoint/chainpoint-client-js
TNT,https://github.com/chainpoint/chainpoint-cli
CHC,https://github.com/chaincoin/explorer-web-frontend
CHC,https://github.com/chaincoin/chaincoin
CHC,https://github.com/chaincoin/proposal
CEL,https://github.com/CelsiusNetwork/celsius-app
CEL,https://github.com/CelsiusNetwork/celsius-js-sdk
CEL,https://github.com/CelsiusNetwork/EthereumNodeProxyViaAuth0
CV,https://github.com/carVertical/stake-discount
CV,https://github.com/carVertical/token-burn
CV,https://github.com/carVertical/nodejs-lambda-boilerplate
CTX,https://github.com/CarTaxiico/etherwallet
CTX,https://github.com/CarTaxiico/ico
CTX,https://github.com/CarTaxiico/PresaleToken
C8,https://github.com/CarboneumProject/relay
C8,https://github.com/CarboneumProject/relay-dex
C8,https://github.com/CarboneumProject/idex-mock-server
CAR,https://github.com/carblock-io/IPFS-Mobile-JS
CAR,https://github.com/carblock-io/zerodb-afgh-pre
CAR,https://github.com/carblock-io/zerodb
CDN,https://github.com/Canada-eCoin/cdn-bitcore-lib
CDN,https://github.com/Canada-eCoin/cdn-price-api
CDN,https://github.com/Canada-eCoin/Canada-eCoin-qt
GBYTE,https://github.com/byteball/sports-oracle
GBYTE,https://github.com/byteball/headless-obyte
GBYTE,https://github.com/byteball/obyte-gui-wallet
BCAC,https://github.com/BusinessCredit/token-profile
BCAC,https://github.com/BusinessCredit/wallet
BCAC,https://github.com/BusinessCredit/MyCryptos
BU,https://github.com/bumoproject/bumo-docs-cn
BU,https://github.com/bumoproject/bumo-docs-en
BU,https://github.com/bumoproject/bumo-sdk-php
BWK,https://github.com/bulwark-crypto/bulwarkj
BWK,https://github.com/bulwark-crypto/bulwark-explorer
BWK,https://github.com/bulwark-crypto/Bulwark
BBK,https://github.com/brickblock-io/smart-contracts
BBK,https://github.com/brickblock-io/bbk-deploy
BBK,https://github.com/brickblock-io/employee-handbook
BRM,https://github.com/BrahmaOS/BrahmaWallet
BRM,https://github.com/BrahmaOS/brahmaos-packages-apps-BrahmaWallet
BRM,https://github.com/BrahmaOS/brahmaos-packages-apps-Contacts
BOX,https://github.com/BOXFoundation/boxd
BOX,https://github.com/BOXFoundation/box-token
BOX,https://github.com/BOXFoundation/bch-wallet
BNTY,https://github.com/bounty0x/RewardCSVs
BNTY,https://github.com/bounty0x/StakingContract
BNTY,https://github.com/bounty0x/TelegramBots
BTO,https://github.com/bottos-project/bottos
BTO,https://github.com/bottos-project/Documentation
BTO,https://github.com/bottos-project/bottos-php-msgpack
BORA,https://github.com/boraecosystem/bora-tools
BORA,https://github.com/boraecosystem/explorer-crawler
BORA,https://github.com/boraecosystem/bmttool
BOE,https://github.com/bodhiproject/bodhi-ethereum
BOE,https://github.com/bodhiproject/bodhi-ui
BOE,https://github.com/bodhiproject/trust-wallet-ios
BWX,https://github.com/BlueWhaleFoundation/SplashViews
BWX,https://github.com/BlueWhaleFoundation/ERC20
BWX,https://github.com/BlueWhaleFoundation/bluewhale.foundation
BPT,https://github.com/Blockport/tokensale
BPL,https://github.com/blockpool-io/BPL-node
BPL,https://github.com/blockpool-io/explorer-3.0
BPL,https://github.com/blockpool-io/BPL-Commander
BLOCK,https://github.com/BlocknetDX/dxmakerbot
BLOCK,https://github.com/BlocknetDX/blocknet
BLOCK,https://github.com/BlocknetDX/blockchain-configuration-files
GCS,https://github.com/blockchaingame/gc
DTA,https://github.com/BlockchainDATA/Data_wallet
DTA,https://github.com/BlockchainDATA/M3
DTA,https://github.com/BlockchainDATA/ice4j
ARY,https://github.com/blockarraygroup/ethql
ARY,https://github.com/blockarraygroup/ERC1400
ARY,https://github.com/blockarraygroup/EthereumRegistrationAuthority
XBP,https://github.com/blitzpredict/eth-contract-metadata
XBP,https://github.com/blitzpredict/HoshoCon
XBP,https://github.com/blitzpredict/xbptoken
PPT,https://github.com/bitpopulous/exchange-smartcontracts
PPT,https://github.com/bitpopulous/populous-smartcontracts
PPT,https://github.com/bitpopulous/BI-reviews
XPAT,https://github.com/Bit-Nation/BITNATION-Pangea-mobile
XPAT,https://github.com/Bit-Nation/Pangea-Docs
XPAT,https://github.com/Bit-Nation/BITNATION-Pangea-Desktop-Unity
PLAT,https://github.com/BitGuildPlatform/tronsr-template
PLAT,https://github.com/BitGuildPlatform/Contracts
PLAT,https://github.com/BitGuildPlatform/composables-998
BCV,https://github.com/bitcv/bitcv-saas
BCV,https://github.com/bitcv/openPlatform
BCV,https://github.com/bitcv/bitcv-web
BTC,https://github.com/bitcoin/bitcoin
BTC,https://github.com/bitcoin/bips
BTC,https://github.com/bitcoin/libblkmaker
BBO,https://github.com/bigbomio/charts
BBO,https://github.com/bigbomio/hodl
BBO,https://github.com/bigbomio/digital-contracts
BETHER,https://github.com/bethereumproject/gaming
BETHER,https://github.com/bethereumproject/bethereum-lottery
BETHER,https://github.com/bethereumproject/telegram-global-bot
BBS,https://github.com/bbscoin/bbs-money-i18n
BBS,https://github.com/bbscoin/bbscoin-xyz-i18n
BBS,https://github.com/bbscoin/jscoinminer-i18n
BKX,https://github.com/BANKEX/security-token
BKX,https://github.com/BANKEX/web3swift
BKX,https://github.com/BANKEX/BulletproofJS
MET,https://github.com/autonomoussoftware/metronome-contracts-js
MET,https://github.com/autonomoussoftware/ethereum-transaction-indexer
MET,https://github.com/autonomoussoftware/metronome-wallet-mobile
AUC,https://github.com/AuctusProject/Site
AUC,https://github.com/AuctusProject/Android-Mobile
AUC,https://github.com/AuctusProject/Beta
ATMI,https://github.com/atonomi/docs
ATMI,https://github.com/atonomi/smart-contracts
ATMI,https://github.com/atonomi/device-sdk
AWC,https://github.com/Atomicwallet/atomicwallet.github.io
AWC,https://github.com/Atomicwallet/tronscan-node-client
AWC,https://github.com/Atomicwallet/mymonero-core-js
ATN,https://github.com/ATNIO/explorer_web
ATN,https://github.com/ATNIO/ccxt
ATN,https://github.com/ATNIO/white_paper
ATP,https://github.com/AtlasProtocol/ATP
ATP,https://github.com/AtlasProtocol/hubble
ATL,https://github.com/AtlantPlatform/homebrew-Apps
ATL,https://github.com/AtlantPlatform/ethereum-playbook
ATL,https://github.com/AtlantPlatform/codecrumbs-go
ATH,https://github.com/atheioschain/go-atheios
ATH,https://github.com/atheioschain/documents
ATH,https://github.com/atheioschain/logos
XAS,https://github.com/AschPlatform/asch-core
XAS,https://github.com/AschPlatform/create-asch-contract
XAS,https://github.com/AschPlatform/asch-web
ARK,https://github.com/ArkEcosystem/docs
ARK,https://github.com/ArkEcosystem/mobile-wallet
ARK,https://github.com/ArkEcosystem/core
ARG,https://github.com/argentumproject/edge-react-gui
ARG,https://github.com/argentumproject/edge-currency-bitcoin
ARG,https://github.com/argentumproject/electrum-arg
APR,https://github.com/APRCoin/zenith-repository
APR,https://github.com/APRCoin/PIVX
ANON,https://github.com/anonymousbitcoin/anon
ANON,https://github.com/anonymousbitcoin/proposal-generator
ANON,https://github.com/anonymousbitcoin/anonpaperwallet
ANKR,https://github.com/Ankr-network/dccn-daemon
ANKR,https://github.com/Ankr-network/dccn-common
ANKR,https://github.com/Ankr-network/dccn-hub
AMN,https://github.com/amontech/amon-lib
AMN,https://github.com/amontech/eos-hackathon
AMN,https://github.com/amontech/https-proxy
AMB,https://github.com/ambrosus/react-components
AMB,https://github.com/ambrosus/sdk-ios
AMB,https://github.com/ambrosus/ambrosus-node-contracts
ALIS,https://github.com/AlisProject/frontend-application
ALIS,https://github.com/AlisProject/welcome
ALIS,https://github.com/AlisProject/serverless-edge
AST,https://github.com/airswap/dexprices-service
AST,https://github.com/airswap/contracts
AST,https://github.com/airswap/auto-remediate
AION,https://github.com/aionnetwork/aionr
AION,https://github.com/aionnetwork/AVM
AION,https://github.com/aionnetwork/aion
ADK,https://github.com/AidosKuneen/akwallet
ADK,https://github.com/AidosKuneen/aknode
ADK,https://github.com/AidosKuneen/whitepaper
DLT,https://github.com/Agrello/Delta-Contracts-API
DLT,https://github.com/Agrello/MyEtherWalletDLT
AE,https://github.com/aeternity/aepp-base
AE,https://github.com/aeternity/infrastructure
AE,https://github.com/aeternity/aepp-playground
ELF,https://github.com/AElfProject/AElf
ELF,https://github.com/AElfProject/aelf-block-explorer
ELF,https://github.com/AElfProject/contract-plugin
ADI,https://github.com/aditus/bip39
ADI,https://github.com/aditus/aditus-website
ADI,https://github.com/aditus/aditus-pay-technology-primer
ADX,https://github.com/AdExNetwork/adex-validator-stack-js
ADX,https://github.com/AdExNetwork/adex-models
ADX,https://github.com/AdExNetwork/adex-protocol-eth
ADM,https://github.com/Adamant-im/adamant-android
ADM,https://github.com/Adamant-im/adamant-fcm-notification-service
ADM,https://github.com/Adamant-im/adamant-im
AAC,https://github.com/AcuteAngleCloud/Acute-Angle-Chain
AAC,https://github.com/AcuteAngleCloud/AcuteAngleCoin
RTB,https://github.com/AB-CHAIN-com/ab-chain_smart_contracts
1WO,https://github.com/1World-Online/1WO-token-contract
ZRX,https://github.com/0xProject/0x-starter-project
ZRX,https://github.com/0xProject/0x-monorepo
ZRX,https://github.com/0xProject/wiki
ZXC,https://github.com/0xcert/framework
ZXC,https://github.com/0xcert/nonfungiblealliance-www
ZXC,https://github.com/0xcert/ethereum-erc721
